"var","coef"
"(Intercept)",1.31247824101319
"interview_age",-0.00854384198480779
"demo_sex_v2",-0.0408069140266283
"PC1",0.853060504700345
"PC2",-0.40716376222792
"PC3",-0.264767039211117
"PC4",-0.803198592738715
"PC5",0.393948682680138
